id,full_name,link,first_name,last_name,birth_date,current_age,birth_city,birth_country,height,weight,active,use_name,use_last_name,middle_name,boxscore_name,gender,is_player,is_verified,name_first_last,name_slug,first_last_name,last_first_name,last_init_name,init_last_name,full_fml_name,full_lfm_name,strike_zone_top,strike_zone_bottom,primary_number,pronunciation,mlb_debut_date,primary_position_code,primary_position_name,primary_position_type,primary_position_abbreviation,bat_side_code,bat_side_description,pitch_hand_code,pitch_hand_description,photo_link,team_info,team_name,level,parent_org,level_abb
800018,Chen Zhong-Ao Zhuang,/api/v1/people/800018,Chen,Zhuang,2000-08-25,25,Taipei,Taiwan,"6' 1""",198,TRUE,Chen Zhong-Ao,Zhuang,Zhong-Ao,Zhuang,M,TRUE,TRUE,Chen Zhong-Ao Zhuang,chen-zhong-ao-zhuang-800018,Chen Zhong-Ao Zhuang,"Zhuang, Chen Zhong-Ao","Zhuang, C",C Zhuang,Chen Zhong-Ao Zhuang,"Zhuang, Chen Zhong-Ao",3.411,1.565,NA,NA,NA,1,Pitcher,Pitcher,P,R,Right,R,Right,"https://img.mlbstatic.com/mlb-photos/image/upload/c_fill,g_auto/w_180/v1/people/800018/headshot/milb/current",,Midland RockHounds,Double-A,Athletics,AA
808207,Wen-Hui Pan,/api/v1/people/808207,Wen-Hui,Pan,2002-09-19,23,Hualien,Taiwan,"6' 3""",220,TRUE,Wen-Hui,Pan,NA,Pan,M,TRUE,TRUE,Wen-Hui Pan,wen-hui-pan-808207,Wen-Hui Pan,"Pan, Wen-Hui","Pan, W",W Pan,Wen-Hui Pan,"Pan, Wen-Hui ",3.49,1.601,NA,NA,NA,1,Pitcher,Pitcher,P,R,Right,R,Right,"https://img.mlbstatic.com/mlb-photos/image/upload/c_fill,g_auto/w_180/v1/people/808207/headshot/milb/current",,Reading Fightin Phils,Double-A,Philadelphia Phillies,AA
800213,Hung-Leng Chang,/api/v1/people/800213,Hung-Leng,Chang,2001-10-07,23,Taichung,Taiwan,"6' 3""",159,TRUE,Hung-Leng,Chang,NA,Chang,M,TRUE,TRUE,Hung-Leng Chang,hung-leng-chang-800213,Hung-Leng Chang,"Chang, Hung-Leng","Chang, H",H Chang,Hung-Leng Chang,"Chang, Hung-Leng",3.49,1.601,NA,NA,NA,1,Pitcher,Pitcher,P,R,Right,R,Right,"https://img.mlbstatic.com/mlb-photos/image/upload/c_fill,g_auto/w_180/v1/people/800213/headshot/milb/current",,Greensboro Grasshoppers,High-A,Pittsburgh Pirates,A+
701678,Hao-Yu  Lee,/api/v1/people/701678,Hao-Yu ,Lee,2003-02-03,22,New Taipei,Taiwan,"5' 9""",190,TRUE,Hao-Yu ,Lee,NA,"Lee, H",M,TRUE,FALSE,Hao-Yu  Lee,hao-yu-lee-701678,Hao-Yu  Lee,"Lee, Hao-Yu ","Lee, H",H Lee,Hao-Yu  Lee,"Lee, Hao-Yu  ",3.285,1.487,85,NA,NA,4,Second Base,Infielder,2B,R,Right,R,Right,"https://img.mlbstatic.com/mlb-photos/image/upload/c_fill,g_auto/w_180/v1/people/701678/headshot/milb/current",,Toledo Mud Hens,Triple-A,Detroit Tigers,AAA
809223,Tzu-Chen Sha,/api/v1/people/809223,Tzu-Chen,Sha,2003-10-15,21,Taipei,Taiwan,"6' 2""",165,TRUE,Tzu-Chen,Sha,NA,Sha,M,TRUE,FALSE,Tzu-Chen Sha,tzu-chen-sha-809223,Tzu-Chen Sha,"Sha, Tzu-Chen","Sha, T",T Sha,Tzu-Chen Sha,"Sha, Tzu-Chen ",3.467,1.589,NA,NA,NA,1,Pitcher,Pitcher,P,R,Right,R,Right,"https://img.mlbstatic.com/mlb-photos/image/upload/c_fill,g_auto/w_180/v1/people/809223/headshot/milb/current",,Lansing Lugnuts,High-A,Athletics,A+
829473,Chung-Hsiang Huang,/api/v1/people/829473,Chung-Hsiang,Huang,2005-10-26,19,Keelung,Taiwan,"6' 0""",175,TRUE,Chung-Hsiang,Huang,NA,Huang,M,TRUE,TRUE,Chung-Hsiang Huang,chung-hsiang-huang-829473,Chung-Hsiang Huang,"Huang, Chung-Hsiang","Huang, C",C Huang,Chung-Hsiang Huang,"Huang, Chung-Hsiang ",3.371,1.535,NA,NA,NA,1,Pitcher,Pitcher,P,R,Right,R,Right,"https://img.mlbstatic.com/mlb-photos/image/upload/c_fill,g_auto/w_180/v1/people/829473/headshot/milb/current",,Visalia Rawhide,Single-A,Arizona Diamondbacks,A
827734,Wei-En Lin,/api/v1/people/827734,Wei-En,Lin,2005-11-04,19,Taoyuen,Taiwan,"6' 2""",179,TRUE,Wei-En,Lin,NA,"Lin, W",M,TRUE,TRUE,Wei-En Lin,wei-en-lin-827734,Wei-En Lin,"Lin, Wei-En","Lin, W",W Lin,Wei-En Lin,"Lin, Wei-En ",3.467,1.589,NA,NA,NA,1,Pitcher,Pitcher,P,L,Left,L,Left,"https://img.mlbstatic.com/mlb-photos/image/upload/c_fill,g_auto/w_180/v1/people/827734/headshot/milb/current",,Midland RockHounds,Double-A,Athletics,AA
806836,Po-Chun Lin,/api/v1/people/806836,Po-Chun,Lin,2006-07-21,19,Taipei,Taiwan,"5' 11""",172,TRUE,Po-Chun,Lin,NA,Lin,M,TRUE,TRUE,Po-Chun Lin,po-chun-lin-806836,Po-Chun Lin,"Lin, Po-Chun","Lin, P",P Lin,Po-Chun Lin,"Lin, Po-Chun",3.319,1.513,NA,NA,NA,1,Pitcher,Pitcher,P,L,Left,R,Right,"https://img.mlbstatic.com/mlb-photos/image/upload/c_fill,g_auto/w_180/v1/people/806836/headshot/milb/current",,ACL Mariners,Rookie,Seattle Mariners,Rk
691907,Tsung-Che Cheng,/api/v1/people/691907,Tsung-Che,Cheng,2001-07-26,24,Pingtung County,Taiwan,"5' 8""",180,TRUE,Tsung-Che,Cheng,NA,"Cheng, T",M,TRUE,TRUE,Tsung-Che Cheng,tsung-che-cheng-691907,Tsung-Che Cheng,"Cheng, Tsung-Che","Cheng, T",T Cheng,Tsung-Che Cheng,"Cheng, Tsung-Che ",3.26,1.481,71,sung-chay,2025-04-09,6,Shortstop,Infielder,SS,L,Left,R,Right,"https://img.mlbstatic.com/mlb-photos/image/upload/c_fill,g_auto/w_180/v1/people/691907/headshot/milb/current",,Pittsburgh Pirates,Major League Baseball,NA,MLB
808486,Chen-Hsun Lee,/api/v1/people/808486,Chen-Hsun,Lee,2002-01-14,23,Taoyuen,Taiwan,"6' 4""",209,TRUE,Chen-Hsun,Lee,NA,Lee,M,TRUE,TRUE,Chen-Hsun Lee,chen-hsun-lee-808486,Chen-Hsun Lee,"Lee, Chen-Hsun","Lee, C",C Lee,Chen-Hsun Lee,"Lee, Chen-Hsun ",3.549,1.627,NA,NA,NA,1,Pitcher,Pitcher,P,R,Right,R,Right,"https://img.mlbstatic.com/mlb-photos/image/upload/c_fill,g_auto/w_180/v1/people/808486/headshot/milb/current",,ACL Giants,Rookie,San Francisco Giants,Rk
828430,Chia-Shi Shen,/api/v1/people/828430,Chia-Shi,Shen,2003-12-03,21,Puli,Taiwan,"6' 3""",185,TRUE,Chia-Shi,Shen,NA,Shen,M,TRUE,TRUE,Chia-Shi Shen,chia-shi-shen-828430,Chia-Shi Shen,"Shen, Chia-Shi","Shen, C",C Shen,Chia-Shi Shen,"Shen, Chia-Shi ",3.49,1.601,NA,NA,NA,1,Pitcher,Pitcher,P,R,Right,R,Right,"https://img.mlbstatic.com/mlb-photos/image/upload/c_fill,g_auto/w_180/v1/people/828430/headshot/milb/current",,Modesto Nuts,Single-A,Seattle Mariners,A
835646,Chang Tzu-Chun Lin,/api/v1/people/835646,Chang Tzu-Chun,Lin,2005-10-06,19,New Taipei,Taiwan,"6' 0""",165,TRUE,Chang Tzu-Chun,Lin,NA,Lin,M,TRUE,TRUE,Chang Tzu-Chun Lin,chang-tzu-chun-lin-835646,Chang Tzu-Chun Lin,"Lin, Chang Tzu-Chun","Lin, C",C Lin,Chang Tzu-Chun Lin,"Lin, Chang Tzu-Chun ",3.371,1.535,NA,NA,NA,1,Pitcher,Pitcher,P,R,Right,R,Right,"https://img.mlbstatic.com/mlb-photos/image/upload/c_fill,g_auto/w_180/v1/people/835646/headshot/milb/current",,DSL Brewers Gold,Rookie,Milwaukee Brewers,Rk
801179,Yu-Min Lin,/api/v1/people/801179,Yu-Min,Lin,2003-07-12,22,Taitung,Taiwan,"5' 11""",160,TRUE,Yu-Min,Lin,NA,"Lin, Y",M,TRUE,FALSE,Yu-Min Lin,yu-min-lin-801179,Yu-Min Lin,"Lin, Yu-Min","Lin, Y",Y Lin,Yu-Min Lin,"Lin, Yu-Min",3.319,1.513,NA,NA,NA,1,Pitcher,Pitcher,P,L,Left,L,Left,"https://img.mlbstatic.com/mlb-photos/image/upload/c_fill,g_auto/w_180/v1/people/801179/headshot/milb/current",,Reno Aces,Triple-A,Arizona Diamondbacks,AAA
696040,Po-Yu Chen,/api/v1/people/696040,Po-Yu,Chen,2001-10-02,24,Taoyuan City,Taiwan,"6' 1""",201,TRUE,Po-Yu,Chen,NA,"Chen, P",M,TRUE,FALSE,Po-Yu Chen,po-yu-chen-696040,Po-Yu Chen,"Chen, Po-Yu","Chen, P",P Chen,Po-Yu  Chen,"Chen, Po-Yu",3.47,1.59,NA,NA,NA,1,Pitcher,Pitcher,P,L,Left,R,Right,"https://img.mlbstatic.com/mlb-photos/image/upload/c_fill,g_auto/w_180/v1/people/696040/headshot/milb/current",,Indianapolis Indians,Triple-A,Pittsburgh Pirates,AAA
692617,Chih-Jung Liu,/api/v1/people/692617,Chih-Jung,Liu,1999-04-07,26,Tainan City,Taiwan,"6' 0""",185,TRUE,Chih-Jung,Liu,NA,Liu,M,TRUE,TRUE,Chih-Jung Liu,chih-jung-liu-692617,Chih-Jung Liu,"Liu, Chih-Jung","Liu, C",C Liu,Chih-Jung  Liu,"Liu, Chih-Jung ",3.371,1.535,NA,NA,NA,1,Pitcher,Pitcher,P,S,Switch,R,Right,"https://img.mlbstatic.com/mlb-photos/image/upload/c_fill,g_auto/w_180/v1/people/692617/headshot/milb/current",,Portland Sea Dogs,Double-A,Boston Red Sox,AA
806825,Nien-Hsi Yang,/api/v1/people/806825,Nien-Hsi,Yang,2006-08-10,19,Tainan,Taiwan,"6' 2""",198,TRUE,Nien-Hsi,Yang,NA,Yang,M,TRUE,TRUE,Nien-Hsi Yang,nien-hsi-yang-806825,Nien-Hsi Yang,"Yang, Nien-Hsi","Yang, N",N Yang,Nien-Hsi Yang,"Yang, Nien-Hsi ",3.467,1.589,NA,NA,NA,1,Pitcher,Pitcher,P,L,Left,R,Right,"https://img.mlbstatic.com/mlb-photos/image/upload/c_fill,g_auto/w_180/v1/people/806825/headshot/milb/current",,ACL Giants,Rookie,San Francisco Giants,Rk
678906,Kai-Wei Teng,/api/v1/people/678906,Kai-Wei,Teng,1998-12-01,26,Taichung,Taiwan,"6' 4""",241,TRUE,Kai-Wei,Teng,NA,Teng,M,TRUE,TRUE,Kai-Wei Teng,kai-wei-teng-678906,Kai-Wei Teng,"Teng, Kai-Wei","Teng, K",K Teng,Kai-Wei Teng,"Teng, Kai-Wei ",3.549,1.627,66,kai-way,2024-03-31,1,Pitcher,Pitcher,P,R,Right,R,Right,"https://img.mlbstatic.com/mlb-photos/image/upload/c_fill,g_auto/w_180/v1/people/678906/headshot/milb/current",,San Francisco Giants,Major League Baseball,NA,MLB
806823,Sheng-En Lin,/api/v1/people/806823,Sheng-En,Lin,2005-09-01,20,Taitung,Taiwan,"5' 11""",185,TRUE,Sheng-En,Lin,NA,"Lin, S",M,TRUE,TRUE,Sheng-En Lin,sheng-en-lin-806823,Sheng-En Lin,"Lin, Sheng-En","Lin, S",S Lin,Sheng-En Lin,"Lin, Sheng-En",3.319,1.513,NA,NA,NA,6,Shortstop,Infielder,SS,L,Left,R,Right,"https://img.mlbstatic.com/mlb-photos/image/upload/c_fill,g_auto/w_180/v1/people/806823/headshot/milb/current",,Daytona Tortugas,Single-A,Cincinnati Reds,A
813820,Chen-Wei Lin,/api/v1/people/813820,Chen-Wei,Lin,2001-11-22,23,Tanei,Taiwan,"6' 7""",188,TRUE,Chen-Wei,Lin,NA,Lin,M,TRUE,TRUE,Chen-Wei Lin,chen-wei-lin-813820,Chen-Wei Lin,"Lin, Chen-Wei","Lin, C",C Lin,Chen-Wei Lin,"Lin, Chen-Wei ",3.756,1.746,NA,NA,NA,1,Pitcher,Pitcher,P,R,Right,R,Right,"https://img.mlbstatic.com/mlb-photos/image/upload/c_fill,g_auto/w_180/v1/people/813820/headshot/milb/current",,Glendale Desert Dogs,Winter Leagues,Office of the Commissioner,AFL
828667,Ching-Hsien Ko,/api/v1/people/828667,Ching-Hsien,Ko,2006-08-11,19,Taiping,Taiwan,"6' 3""",215,TRUE,Ching-Hsien,Ko,NA,Ko,M,TRUE,TRUE,Ching-Hsien Ko,ching-hsien-ko-828667,Ching-Hsien Ko,"Ko, Ching-Hsien","Ko, C",C Ko,Ching-Hsien Ko,"Ko, Ching-Hsien ",3.49,1.601,NA,NA,NA,O,Outfield,Outfielder,OF,L,Left,R,Right,"https://img.mlbstatic.com/mlb-photos/image/upload/c_fill,g_auto/w_180/v1/people/828667/headshot/milb/current",,Rancho Cucamonga Quakes,Single-A,Los Angeles Dodgers,A
